{"Eval/Mean_Reward":0.04,"_timestamp":1.7810174748499038e+09,"Train/Epsilon":0.05,"_step":100000,"_runtime":1527.245330592,"_wandb":{"runtime":1527},"Train/Loss":4.2852275e+06,"Train/Episodes_Total":2007,"Train/Episode_Reward":0}