{"Train/Episode_Reward":0,"Train/Epsilon":0.99335,"Train/Episodes_Total":42,"Train/Loss":2106.175537109375,"_wandb":{"runtime":13},"_runtime":13.074397406,"_timestamp":1.7810038520656407e+09,"_step":2100}